"Comparison","Correlation","P_value","Significance","Method"
"PERK-IRE1",0.187422172892012,0.0000000250608381223663,"***","Pearson"
"PERK-ATF6",0.163295399839823,0.00000126659729765938,"***","Pearson"
"IRE1-ATF6",0.751788448665323,0.00000000000000000000000000000000000000000000000000000000000000000000000000000000000000000000000000000000000000000000000000000000000000000000000000000000000000250473358305087,"***","Pearson"
