"","UPR_PERK","UPR_IRE1","UPR_ATF6","Stemness_Score1","Hypoxia_Score1","Glycolysis_Score1","Glycolysis_score"
"UPR_PERK",1,0.187422172892012,0.163295399839823,0.129033017664477,0.176580928170324,0.142203686582011,0.142203686582011
"UPR_IRE1",0.187422172892012,1,0.751788448665323,0.0169012528242236,0.247003931178957,0.378026297935814,0.378026297935814
"UPR_ATF6",0.163295399839823,0.751788448665323,1,0.0243902719532293,0.0895182951110791,0.382072215202482,0.382072215202482
"Stemness_Score1",0.129033017664477,0.0169012528242236,0.0243902719532293,1,-0.0202190699395134,0.100063861423554,0.100063861423554
"Hypoxia_Score1",0.176580928170324,0.247003931178957,0.0895182951110791,-0.0202190699395134,1,0.464682162634464,0.464682162634464
"Glycolysis_Score1",0.142203686582011,0.378026297935814,0.382072215202482,0.100063861423554,0.464682162634464,1,1
"Glycolysis_score",0.142203686582011,0.378026297935814,0.382072215202482,0.100063861423554,0.464682162634464,1,1
